meta_id,value
card_id_rule,"card6 value ranked lexicographically within customer; verified against 14,975 ground-truth pairs"
device_key_rule,D + md5('DeviceInfo | OS | browser | screen')[:12]
loaded_rows_transactions,590742
missing_numeric_sentinel,-1
packed_order.c_feats,C1|C2|C3|C4|C5|C6|C7|C8|C9|C10|C11|C12|C13|C14
packed_order.d_feats,D1|D2|D3|D4|D5|D6|D7|D8|D9|D10|D11|D12|D13|D14|D15
packed_order.m_feats,M1|M2|M3|M4|M5|M6|M7|M8|M9
packed_order.v_feats,V12|V19|V36|V44|V54|V62|V78|V86|V95|V99|V127|V130|V143|V165|V189|V201|V207|V210|V258|V264|V267|V283|V294|V317
source,IEEE-CIS Fraud Detection (Vesta) via TigerGraph HHGOA 2026
